Network resources,['Static agent'],https://www.vmlogin.cc/dh/sites/2364.html,快代理
Network resources,['Static agent'],https://www.vmlogin.cc/dh/sites/2310.html,易路代理
Network resources,['Static agent'],https://www.vmlogin.cc/dh/sites/2341.html,IPXproxy
Network resources,['Static agent'],https://www.vmlogin.cc/dh/sites/2321.html,IPFLY全球住宅代理
Network resources,['Static agent'],https://www.vmlogin.cc/dh/sites/2304.html,LunaProxy
Network resources,['Static agent'],https://www.vmlogin.cc/dh/sites/2301.html,Apollo全球独享静态IP代理
Network resources,['Static agent'],https://www.vmlogin.cc/dh/sites/1483.html,UCloud
Network resources,['Static agent'],https://www.vmlogin.cc/dh/sites/1482.html,Proxy-Cheap
Network resources,['Static agent'],https://www.vmlogin.cc/dh/sites/1477.html,芝麻代理
Network resources,['Static agent'],https://www.vmlogin.cc/dh/sites/1476.html,IProyal
Network resources,['Static agent'],https://www.vmlogin.cc/dh/sites/1475.html,IPIPGO
Network resources,['Static agent'],https://www.vmlogin.cc/dh/sites/1474.html,Proxy302代理
Network resources,['Static agent'],https://www.vmlogin.cc/dh/sites/1473.html,花生HTTP
Network resources,['Static agent'],https://www.vmlogin.cc/dh/sites/1472.html,智慧云出海
Network resources,['Static agent'],https://www.vmlogin.cc/dh/sites/1471.html,IPIDEA
Network resources,['Static agent'],https://www.vmlogin.cc/dh/sites/1430.html,kookeey
Network resources,['Dynamic agent'],https://www.vmlogin.cc/dh/sites/2365.html,快代理海外代理
Network resources,['Dynamic agent'],https://www.vmlogin.cc/dh/sites/2327.html,穿云动态IP代理
Network resources,['Dynamic agent'],https://www.vmlogin.cc/dh/sites/2310.html,易路代理
Network resources,['Dynamic agent'],https://www.vmlogin.cc/dh/sites/2333.html,穿云海外IP代理
Network resources,['Dynamic agent'],https://www.vmlogin.cc/dh/sites/1508.html,MetaProxies
Network resources,['Dynamic agent'],https://www.vmlogin.cc/dh/sites/1507.html,品赞
Network resources,['Dynamic agent'],https://www.vmlogin.cc/dh/sites/1506.html,天启http
Network resources,['Dynamic agent'],https://www.vmlogin.cc/dh/sites/1505.html,Roxlabs
Network resources,['Dynamic agent'],https://www.vmlogin.cc/dh/sites/1504.html,Heliuscloud
Network resources,['Dynamic agent'],https://www.vmlogin.cc/dh/sites/1503.html,IPFLY
Network resources,['Dynamic agent'],https://www.vmlogin.cc/dh/sites/1502.html,PIA S5
Network resources,['Dynamic agent'],https://www.vmlogin.cc/dh/sites/1501.html,品易云海外
Network resources,['Dynamic agent'],https://www.vmlogin.cc/dh/sites/1500.html,IP2World住宅代理
Network resources,['Dynamic agent'],https://www.vmlogin.cc/dh/sites/1499.html,Oxylabs
Network resources,['Dynamic agent'],https://www.vmlogin.cc/dh/sites/1498.html,soax
Network resources,['Dynamic agent'],https://www.vmlogin.cc/dh/sites/1497.html,iphtml
Network resources,['Dynamic agent'],https://www.vmlogin.cc/dh/sites/1496.html,巨量HTTP
Network resources,['Dynamic agent'],https://www.vmlogin.cc/dh/sites/1495.html,MIYAIP
Network resources,['Dynamic agent'],https://www.vmlogin.cc/dh/sites/1494.html,IPv4web
Network resources,['Dynamic agent'],https://www.vmlogin.cc/dh/sites/1491.html,NetNut
Network resources,['Dynamic agent'],https://www.vmlogin.cc/dh/sites/1490.html,ABC Prxoy
Network resources,['Dynamic agent'],https://www.vmlogin.cc/dh/sites/1488.html,Stormproxies代理
Network resources,['Dynamic agent'],https://www.vmlogin.cc/dh/sites/1487.html,Bright Data
Network resources,['Dynamic agent'],https://www.vmlogin.cc/dh/sites/1486.html,Duoproxys
Network resources,['Dynamic agent'],https://www.vmlogin.cc/dh/sites/1484.html,922 S5 Proxy
Network resources,['Tiktok live broadcast line'],https://www.vmlogin.cc/dh/sites/1526.html,DMIT
Network resources,['Tiktok live broadcast line'],https://www.vmlogin.cc/dh/sites/1525.html,Akko cloud
Network resources,['Tiktok live broadcast line'],https://www.vmlogin.cc/dh/sites/1524.html,传优云
Network resources,['Network accelerator'],https://www.vmlogin.cc/dh/sites/1543.html,Proxifier
Network resources,['Network accelerator'],https://www.vmlogin.cc/dh/sites/1542.html,爱加速
Network resources,['Network accelerator'],https://www.vmlogin.cc/dh/sites/1541.html,OpenVPN
Network resources,['Network accelerator'],https://www.vmlogin.cc/dh/sites/1539.html,shadowsocks
Network resources,['Network accelerator'],https://www.vmlogin.cc/dh/sites/1538.html,astill
Network resources,['Network accelerator'],https://www.vmlogin.cc/dh/sites/1527.html,Quickq
Network resources,['VPS recommendation'],https://www.vmlogin.cc/dh/sites/1556.html,AWS
Network resources,['VPS recommendation'],https://www.vmlogin.cc/dh/sites/1555.html,百度云
Network resources,['VPS recommendation'],https://www.vmlogin.cc/dh/sites/1554.html,Rackspace
Network resources,['VPS recommendation'],https://www.vmlogin.cc/dh/sites/1553.html,华为云
Network resources,['VPS recommendation'],https://www.vmlogin.cc/dh/sites/1552.html,阿里云
Network resources,['VPS recommendation'],https://www.vmlogin.cc/dh/sites/1551.html,微软云
Network resources,['VPS recommendation'],https://www.vmlogin.cc/dh/sites/1548.html,Red Hat
Network resources,['VPS recommendation'],https://www.vmlogin.cc/dh/sites/1547.html,谷歌云
Network resources,['VPS recommendation'],https://www.vmlogin.cc/dh/sites/1546.html,酷鸟云
Network resources,['Fingerprint detection'],https://www.vmlogin.cc/dh/sites/1562.html,Pixelscan
Network resources,['Fingerprint detection'],https://www.vmlogin.cc/dh/sites/1561.html,Fingerprint
Network resources,['Fingerprint detection'],https://www.vmlogin.cc/dh/sites/1560.html,IPdog
Network resources,['Fingerprint detection'],https://www.vmlogin.cc/dh/sites/1558.html,Yalala
Network resources,['Fingerprint detection'],https://www.vmlogin.cc/dh/sites/1557.html,iphey
Network resources,['Proxy'],https://www.vmlogin.cc/dh/sites/1571.html,WHOER
Network resources,['Proxy'],https://www.vmlogin.cc/dh/sites/1570.html,IPELOCATION
Network resources,['Proxy'],https://www.vmlogin.cc/dh/sites/1569.html,ipinfo.io
Network resources,['Proxy'],https://www.vmlogin.cc/dh/sites/1568.html,SCAMALYTICS
Network resources,['Proxy'],https://www.vmlogin.cc/dh/sites/1567.html,SPEEDTEST
Network resources,['Proxy'],https://www.vmlogin.cc/dh/sites/1566.html,FAKE VISION
Network resources,['Proxy'],https://www.vmlogin.cc/dh/sites/1565.html,ipdata
Network resources,['Proxy'],https://www.vmlogin.cc/dh/sites/1563.html,Iplocation.net
Tiktok,['Platform entrance'],https://www.vmlogin.cc/dh/sites/1583.html,新闻中心
Tiktok,['Platform entrance'],https://www.vmlogin.cc/dh/sites/1584.html,下载渠道
Tiktok,['Platform entrance'],https://www.vmlogin.cc/dh/sites/1585.html,创作者服务
Tiktok,['Platform entrance'],https://www.vmlogin.cc/dh/sites/1586.html,商家大学
Tiktok,['Platform entrance'],https://www.vmlogin.cc/dh/sites/1587.html,英国全球店
Tiktok,['Platform entrance'],https://www.vmlogin.cc/dh/sites/1588.html,印尼小店
Tiktok,['Platform entrance'],https://www.vmlogin.cc/dh/sites/1589.html,英国本土店
Tiktok,['Platform entrance'],https://www.vmlogin.cc/dh/sites/1590.html,马来西亚小店
Tiktok,['Platform entrance'],https://www.vmlogin.cc/dh/sites/1591.html,泰国小店
Tiktok,['Platform entrance'],https://www.vmlogin.cc/dh/sites/1592.html,菲律宾小店
Tiktok,['Net red platform'],https://www.vmlogin.cc/dh/sites/1603.html,WotoHub
Tiktok,['Net red platform'],https://www.vmlogin.cc/dh/sites/1602.html,Noxinfluencer
Tiktok,['Net red platform'],https://www.vmlogin.cc/dh/sites/1601.html,十二算
Tiktok,['Net red platform'],https://www.vmlogin.cc/dh/sites/1600.html,先知
Tiktok,['Net red platform'],https://www.vmlogin.cc/dh/sites/1599.html,BrandGoGo

